run_index,timestamp_utc,duration_s,producer_threads,pin_base_core,cpu,logical_cores,tsc_ghz,spsc_events_pushed,spsc_sequence_intact,spsc_push_p50_ns,spsc_push_p90_ns,spsc_push_p99_ns,spsc_push_p999_ns,spsc_push_max_ns,spsc_tick_p50_ns,spsc_tick_p90_ns,spsc_tick_p99_ns,spsc_tick_p999_ns,spsc_tick_max_ns,mpmc_pushes_per_sec,mpmc_push_p50_ns,mpmc_push_p90_ns,mpmc_push_p99_ns,mpmc_push_p999_ns,mpmc_push_max_ns,heap_allocations_total,ingest_target_pass,tick_target_pass,overall_pass,exit_code
1,2026-09-24T04:53:26Z,20,8,4,"Intel(R) Core(TM) i7-14650HX",24,2.4192,140177443,yes,21.08,24.39,27.70,31.83,26616.23,30.18,37.62,869.30,137641.75,1320236.92,7985466,536.95,1624.09,3280.42,5391.45,72477.25,0,FAIL,PASS,False,1
2,2026-09-24T04:53:50Z,20,8,4,"Intel(R) Core(TM) i7-14650HX",24,2.4192,140416481,yes,21.08,24.39,27.70,29.35,13350.28,30.18,37.62,6931.22,195436.94,764032.40,7397910,646.91,2920.80,11825.40,21462.47,65415.85,0,FAIL,PASS,False,1
3,2026-09-24T04:54:15Z,20,8,4,"Intel(R) Core(TM) i7-14650HX",24,2.4192,140960241,yes,21.08,24.39,26.87,28.94,22684.77,30.18,36.79,2126.74,42325.97,538310.08,7460426,660.96,1889.47,3703.70,5819.28,80267.84,0,FAIL,PASS,False,1
4,2026-09-24T04:54:39Z,20,8,4,"Intel(R) Core(TM) i7-14650HX",24,2.4192,135046372,yes,21.08,24.39,26.87,29.35,13814.89,30.18,37.62,2462.80,27625.66,525459.97,6467187,712.63,2061.42,4191.05,6978.34,200681.18,0,FAIL,PASS,False,1
5,2026-09-24T04:55:03Z,20,8,4,"Intel(R) Core(TM) i7-14650HX",24,2.4192,119544303,yes,23.56,27.70,32.66,36.38,44128.64,34.72,44.23,57.04,11241.32,487265.61,6329038,814.73,3221.31,12712.47,23441.22,1091654.64,0,FAIL,PASS,False,1
6,2026-09-24T04:55:28Z,20,8,4,"Intel(R) Core(TM) i7-14650HX",24,2.4192,92240532,yes,32.66,38.44,42.99,46.30,35213.30,52.50,65.31,246.78,17521.08,585639.13,5702849,739.91,2273.07,4445.69,6900.22,97726.53,0,FAIL,PASS,False,1
7,2026-09-24T04:55:52Z,20,8,4,"Intel(R) Core(TM) i7-14650HX",24,2.4192,106662679,yes,27.70,32.24,35.96,38.44,34304.32,42.58,52.50,62.00,21316.97,493527.25,5139660,1062.75,2882.36,5405.51,8177.91,334037.32,0,FAIL,PASS,False,1
8,2026-09-24T04:56:17Z,20,8,4,"Intel(R) Core(TM) i7-14650HX",24,2.4192,108618232,yes,26.87,31.00,34.72,37.62,115115.84,41.75,50.84,59.11,16836.57,722467.53,5161244,1046.63,2860.45,5402.62,8158.49,125966.54,0,FAIL,PASS,False,1
9,2026-09-24T04:56:41Z,20,8,4,"Intel(R) Core(TM) i7-14650HX",24,2.4192,110919665,yes,25.21,29.35,33.48,35.96,88780.18,38.44,47.54,55.80,19125.33,630731.28,5824292,709.33,2188.33,4265.87,6621.20,69834.66,0,FAIL,PASS,False,1
10,2026-09-24T04:57:06Z,20,8,4,"Intel(R) Core(TM) i7-14650HX",24,2.4192,110520057,yes,26.04,31.00,34.31,36.79,47821.18,40.92,50.02,57.87,18631.37,356231.41,5225525,918.90,2594.66,4966.52,7609.95,99449.41,0,FAIL,PASS,False,1
11,2026-09-24T04:57:30Z,20,8,4,"Intel(R) Core(TM) i7-14650HX",24,2.4192,108447592,yes,27.70,31.83,35.55,38.03,18260.58,42.58,52.08,62.83,27684.77,512374.63,6020616,723.38,2176.75,4215.86,6464.12,97969.55,0,FAIL,PASS,False,1
12,2026-09-24T04:57:54Z,20,8,4,"Intel(R) Core(TM) i7-14650HX",24,2.4192,119234095,yes,26.87,31.00,34.72,37.20,28556.96,41.75,50.84,58.28,24667.66,486170.68,5784572,861.86,2430.97,4618.88,7103.59,93208.09,0,FAIL,PASS,False,1
13,2026-09-24T04:58:19Z,20,8,4,"Intel(R) Core(TM) i7-14650HX",24,2.4192,126920820,yes,23.56,27.70,31.42,34.31,24580.86,35.96,44.23,109.54,29734.21,421617.52,5848693,836.64,3239.09,13270.92,24341.11,84521.34,0,FAIL,PASS,False,1
14,2026-09-24T04:58:43Z,20,8,4,"Intel(R) Core(TM) i7-14650HX",24,2.4192,121078712,yes,23.56,27.70,31.00,34.31,51451.72,34.31,43.40,53.32,43196.10,660689.48,5981035,712.22,2715.36,16491.82,32040.34,89384.09,0,FAIL,PASS,False,1
15,2026-09-24T04:59:08Z,20,8,4,"Intel(R) Core(TM) i7-14650HX",24,2.4192,118258352,yes,23.56,27.70,31.00,34.31,22636.82,34.31,43.40,53.32,25156.66,519253.87,5675659,900.71,2512.81,4749.09,7247.85,86716.27,0,FAIL,PASS,False,1
16,2026-09-24T04:59:32Z,20,8,4,"Intel(R) Core(TM) i7-14650HX",24,2.4192,123972112,yes,23.56,27.70,31.00,33.07,60450.14,35.96,44.23,50.84,25776.70,375229.80,6068388,797.78,3085.73,12800.10,23481.31,92880.70,0,FAIL,PASS,False,1
17,2026-09-24T04:59:57Z,20,8,4,"Intel(R) Core(TM) i7-14650HX",24,2.4192,121035433,yes,23.56,27.70,31.00,33.07,11498.02,35.96,44.23,50.02,23139.88,511175.57,5998461,823.00,2368.14,4497.77,6847.30,62547.12,0,FAIL,PASS,False,1
18,2026-09-24T05:00:21Z,20,8,4,"Intel(R) Core(TM) i7-14650HX",24,2.4192,121267668,yes,25.21,29.35,32.66,35.55,1006721.22,38.44,46.71,54.56,6443.87,1006774.55,5691936,817.63,3024.55,16302.08,31294.64,86119.79,0,FAIL,PASS,False,1
19,2026-09-24T05:00:45Z,20,8,4,"Intel(R) Core(TM) i7-14650HX",24,2.4192,135180687,yes,21.91,26.04,30.18,33.48,20921.38,40.92,52.91,91.35,25748.18,471442.14,7118873,653.52,1885.75,3744.21,6152.45,74196.83,0,FAIL,PASS,False,1
20,2026-09-24T05:01:10Z,20,8,4,"Intel(R) Core(TM) i7-14650HX",24,2.4192,137198313,yes,21.08,25.21,27.70,30.18,524877.88,31.42,38.44,2240.82,29245.19,1007684.83,7292825,725.03,2007.27,4004.63,6653.02,83707.81,0,FAIL,PASS,False,1
21,2026-09-24T05:01:34Z,20,8,4,"Intel(R) Core(TM) i7-14650HX",24,2.4192,137204370,yes,21.08,25.21,27.70,30.18,40311.67,31.00,38.44,2203.21,29866.07,450918.89,7194043,673.78,1922.95,3806.63,6231.81,78596.23,0,FAIL,PASS,False,1
22,2026-09-24T05:01:58Z,20,8,4,"Intel(R) Core(TM) i7-14650HX",24,2.4192,138579807,yes,21.08,25.21,27.70,30.18,32790.18,30.59,38.03,4378.31,28709.49,486442.19,7484144,626.65,2726.93,10908.15,19679.23,89942.54,0,FAIL,PASS,False,1
23,2026-09-24T05:02:23Z,20,8,4,"Intel(R) Core(TM) i7-14650HX",24,2.4192,138931377,yes,21.08,24.39,26.87,29.35,29600.28,31.00,37.62,4695.77,31462.46,502498.72,7202131,725.03,2027.12,3920.72,6095.40,69829.69,0,FAIL,PASS,False,1
24,2026-09-24T05:02:47Z,20,8,4,"Intel(R) Core(TM) i7-14650HX",24,2.4192,138236859,yes,21.08,24.39,27.28,29.35,72434.27,31.00,37.62,50.02,31390.13,547436.72,7273325,691.14,1955.61,3779.35,5887.07,65630.78,0,FAIL,PASS,False,1
25,2026-09-24T05:03:11Z,20,8,4,"Intel(R) Core(TM) i7-14650HX",24,2.4192,138847517,yes,21.08,24.39,27.70,29.35,27721.14,31.00,37.62,126.49,55644.01,525629.49,7684058,610.12,1802.25,3523.07,5560.10,82242.05,0,FAIL,PASS,False,1
26,2026-09-24T05:03:36Z,20,8,4,"Intel(R) Core(TM) i7-14650HX",24,2.4192,138693611,yes,21.08,24.39,26.87,29.35,13055.14,30.59,37.62,57.46,43573.08,550477.77,7539824,698.99,1940.72,3712.38,5748.59,78146.07,0,FAIL,PASS,False,1
27,2026-09-24T05:04:00Z,20,8,4,"Intel(R) Core(TM) i7-14650HX",24,2.4192,139095860,yes,21.08,24.39,26.87,29.35,23654.10,30.59,37.62,2335.07,27977.84,522386.23,7409313,709.74,1966.35,3800.43,5920.14,78609.03,0,FAIL,PASS,False,1
28,2026-09-24T05:04:24Z,20,8,4,"Intel(R) Core(TM) i7-14650HX",24,2.4192,138127222,yes,21.08,24.39,27.70,30.18,165398.46,30.59,37.62,1741.90,53680.55,521779.04,7250448,687.42,2795.14,9760.66,17329.28,83439.14,0,FAIL,PASS,False,1
29,2026-09-24T05:04:49Z,20,8,4,"Intel(R) Core(TM) i7-14650HX",24,2.4192,138323861,yes,21.08,24.39,26.87,29.35,87557.86,31.00,37.62,383.60,72048.19,1099169.43,7329401,728.34,2015.96,3911.21,6092.10,77155.66,0,FAIL,PASS,False,1
30,2026-09-24T05:05:13Z,20,8,4,"Intel(R) Core(TM) i7-14650HX",24,2.4192,137816070,yes,21.08,25.21,27.70,29.35,243895.93,31.00,38.03,190.56,114040.60,813505.32,7588135,633.27,2408.23,8098.13,14450.65,79265.88,0,FAIL,PASS,False,1
31,2026-09-24T05:05:37Z,20,8,4,"Intel(R) Core(TM) i7-14650HX",24,2.4192,137981770,yes,21.08,24.39,26.87,29.35,75373.67,31.00,37.62,44.23,28020.83,588392.80,7500870,673.78,2943.53,10698.16,19086.06,88662.77,0,FAIL,PASS,False,1
32,2026-09-24T05:06:02Z,20,8,4,"Intel(R) Core(TM) i7-14650HX",24,2.4192,139087333,yes,21.08,24.39,26.87,29.35,45870.12,31.00,37.62,4646.16,188986.00,687175.84,7551778,668.40,2922.45,10489.83,18671.87,70515.45,0,FAIL,PASS,False,1
33,2026-09-24T05:06:26Z,20,8,4,"Intel(R) Core(TM) i7-14650HX",24,2.4192,138614704,yes,21.08,25.21,27.70,30.18,100156.23,31.00,38.44,6010.25,28918.23,599108.28,7381854,668.40,1902.69,3702.88,5822.58,68019.99,0,FAIL,PASS,False,1
34,2026-09-24T05:06:51Z,20,8,4,"Intel(R) Core(TM) i7-14650HX",24,2.4192,138372488,yes,21.08,24.39,27.28,29.35,15081.43,31.00,37.62,45.06,26472.39,466855.12,8366746,493.14,1539.35,3253.55,5566.72,78726.43,0,FAIL,PASS,False,1
35,2026-09-24T05:07:15Z,20,8,4,"Intel(R) Core(TM) i7-14650HX",24,2.4192,138595763,yes,21.08,25.21,27.70,30.18,56218.17,30.59,37.62,44.23,27897.65,590967.23,7575513,681.22,1894.01,3641.70,5721.31,75729.99,0,FAIL,PASS,False,1
36,2026-09-24T05:07:39Z,20,8,4,"Intel(R) Core(TM) i7-14650HX",24,2.4192,138418134,yes,21.08,24.39,27.70,30.18,76665.89,30.59,37.62,103.75,28966.62,565516.64,7379425,669.64,2706.68,9477.52,17051.52,73407.37,0,FAIL,PASS,False,1
37,2026-09-24T05:08:04Z,20,8,4,"Intel(R) Core(TM) i7-14650HX",24,2.4192,139496840,yes,21.08,24.39,27.70,29.35,104293.56,30.18,37.62,45.06,26159.06,644510.95,7112269,717.18,2007.69,3866.57,5966.85,81187.99,0,FAIL,PASS,False,1
38,2026-09-24T05:08:28Z,20,8,4,"Intel(R) Core(TM) i7-14650HX",24,2.4192,137575722,yes,21.91,25.21,29.35,35.14,10959.41,31.83,39.27,3007.19,29677.17,505865.21,7542244,645.25,2787.29,14580.44,27383.43,86853.93,0,FAIL,PASS,False,1
39,2026-09-24T05:08:52Z,20,8,4,"Intel(R) Core(TM) i7-14650HX",24,2.4192,138935515,yes,21.08,24.39,26.87,29.35,28622.27,30.59,37.62,44.23,30238.92,510689.44,7455361,699.82,1957.26,3758.27,5782.08,60431.54,0,FAIL,PASS,False,1
40,2026-09-24T05:09:17Z,20,8,4,"Intel(R) Core(TM) i7-14650HX",24,2.4192,139100993,yes,21.08,24.39,27.70,29.35,10994.54,30.59,37.62,45.06,29180.72,514982.56,7540141,652.70,1862.19,3600.36,5608.88,708675.90,0,FAIL,PASS,False,1
41,2026-09-24T05:09:41Z,20,8,4,"Intel(R) Core(TM) i7-14650HX",24,2.4192,138664649,yes,21.08,24.39,27.70,30.18,11944.03,31.00,37.62,47.54,26653.44,392688.54,7490705,657.24,2939.40,12236.28,22308.62,71708.42,0,FAIL,PASS,False,1
42,2026-09-24T05:10:05Z,20,8,4,"Intel(R) Core(TM) i7-14650HX",24,2.4192,138771581,yes,21.08,25.21,27.70,31.00,29087.71,30.59,37.62,2144.51,35027.69,483268.37,7548686,643.19,1862.60,3618.96,5629.96,75286.45,0,FAIL,PASS,False,1
43,2026-09-24T05:10:30Z,20,8,4,"Intel(R) Core(TM) i7-14650HX",24,2.4192,138274342,yes,21.08,24.39,26.87,29.35,14070.76,31.00,37.62,2072.17,28083.24,461694.27,7407101,711.39,1999.01,3912.04,6393.85,113867.78,0,FAIL,PASS,False,1
44,2026-09-24T05:10:54Z,20,8,4,"Intel(R) Core(TM) i7-14650HX",24,2.4192,138851325,yes,21.08,25.21,27.70,30.18,28164.26,31.00,37.62,331.51,43330.84,452677.63,7627769,598.96,1795.22,3520.58,5511.74,81447.98,0,FAIL,PASS,False,1
45,2026-09-24T05:11:18Z,20,8,4,"Intel(R) Core(TM) i7-14650HX",24,2.4192,138225600,yes,21.08,25.21,27.70,30.18,33108.05,30.59,38.44,44.64,26674.93,493909.99,7560483,697.34,1931.22,3711.56,5733.71,81975.86,0,FAIL,PASS,False,1
46,2026-09-24T05:11:43Z,20,8,4,"Intel(R) Core(TM) i7-14650HX",24,2.4192,139035562,yes,21.08,24.39,26.87,29.35,44212.96,30.59,37.62,258.35,201292.55,584260.41,7567065,610.95,2944.36,13283.31,24267.52,78732.63,0,FAIL,PASS,False,1
47,2026-09-24T05:12:07Z,20,8,4,"Intel(R) Core(TM) i7-14650HX",24,2.4192,138658255,yes,21.08,24.39,27.70,30.18,56209.48,31.00,37.62,52.50,27210.65,534105.84,7310388,712.63,1990.33,3850.03,5945.77,81917.98,0,FAIL,PASS,False,1
48,2026-09-24T05:12:31Z,20,8,4,"Intel(R) Core(TM) i7-14650HX",24,2.4192,138917515,yes,21.08,24.39,26.87,29.35,17404.10,30.59,37.62,1773.31,28406.08,537441.66,7615134,613.01,1796.87,3494.54,5486.52,77078.78,0,FAIL,PASS,False,1
49,2026-09-24T05:12:56Z,20,8,4,"Intel(R) Core(TM) i7-14650HX",24,2.4192,138144108,yes,21.49,25.21,28.52,31.00,19617.23,31.00,38.44,47.95,7143.68,522702.05,7495055,682.87,2803.41,9784.22,17502.48,118161.36,0,FAIL,PASS,False,1
50,2026-09-24T05:13:20Z,20,8,4,"Intel(R) Core(TM) i7-14650HX",24,2.4192,139112230,yes,21.08,24.39,26.87,29.35,11534.80,30.59,37.62,44.23,28060.93,500580.29,7517496,698.99,1935.35,3692.13,5707.26,100151.28,0,FAIL,PASS,False,1
51,2026-09-24T05:13:44Z,20,8,4,"Intel(R) Core(TM) i7-14650HX",24,2.4192,139539926,yes,21.08,24.39,27.70,29.35,209801.98,30.18,37.62,44.23,25324.90,725288.87,8563594,439.40,1450.89,2945.60,4794.15,105311.66,0,FAIL,PASS,False,1
52,2026-09-24T05:14:09Z,20,8,4,"Intel(R) Core(TM) i7-14650HX",24,2.4192,138808416,yes,21.08,24.39,26.87,29.35,171517.02,31.00,37.62,2799.69,74310.93,692800.06,7513362,658.48,2592.18,8744.21,15567.96,73277.53,0,FAIL,PASS,False,1
53,2026-09-24T05:14:33Z,20,8,4,"Intel(R) Core(TM) i7-14650HX",24,2.4192,139581793,yes,21.08,24.39,26.87,28.94,17268.10,30.59,37.62,1519.51,28499.50,476787.31,7357898,677.08,1925.43,3735.12,5814.73,75083.08,0,FAIL,PASS,False,1
54,2026-09-24T05:14:57Z,20,8,4,"Intel(R) Core(TM) i7-14650HX",24,2.4192,138954400,yes,21.08,25.21,27.70,29.76,49018.26,30.59,37.62,51.26,30829.61,492434.98,8468391,437.75,1450.07,2959.66,4828.45,955594.59,0,FAIL,PASS,False,1
55,2026-09-24T05:15:22Z,20,8,4,"Intel(R) Core(TM) i7-14650HX",24,2.4192,138540645,yes,21.08,24.39,26.87,29.35,87624.41,30.59,37.62,43.40,26010.25,526472.32,7585182,650.21,2924.11,12175.51,22075.06,87911.70,0,FAIL,PASS,False,1
56,2026-09-24T05:15:46Z,20,8,4,"Intel(R) Core(TM) i7-14650HX",24,2.4192,139139847,yes,21.08,24.39,26.87,29.35,144737.12,30.59,37.62,47.54,28364.34,655182.77,7605964,632.44,2635.17,16219.00,30848.22,78929.82,0,FAIL,PASS,False,1
57,2026-09-24T05:16:10Z,20,8,4,"Intel(R) Core(TM) i7-14650HX",24,2.4192,139560802,yes,21.08,24.39,26.87,29.35,528485.53,30.59,37.62,896.16,30039.27,1027126.07,7699087,647.73,1844.00,3533.40,5446.84,73539.20,0,FAIL,PASS,False,1
58,2026-09-24T05:16:35Z,20,8,4,"Intel(R) Core(TM) i7-14650HX",24,2.4192,139862084,yes,21.08,24.39,26.87,29.35,118965.77,30.59,37.62,1130.54,26356.65,389446.08,7525035,666.34,1881.61,3612.35,5650.21,68916.17,0,FAIL,PASS,False,1
59,2026-09-24T05:16:59Z,20,8,4,"Intel(R) Core(TM) i7-14650HX",24,2.4192,139558132,yes,21.08,24.39,26.87,28.94,10536.12,30.59,37.62,43.40,27062.24,481917.83,7664059,638.64,1821.26,3506.53,5448.08,81024.69,0,FAIL,PASS,False,1
60,2026-09-24T05:17:23Z,20,8,4,"Intel(R) Core(TM) i7-14650HX",24,2.4192,139950315,yes,21.08,24.39,26.87,28.52,23746.29,30.18,37.20,92.18,45718.02,512362.09,7785569,580.36,1750.58,3426.34,5360.45,78564.43,0,FAIL,PASS,False,1
61,2026-09-24T05:17:48Z,20,8,4,"Intel(R) Core(TM) i7-14650HX",24,2.4192,140115803,yes,21.08,24.39,26.87,29.35,57101.92,30.59,37.62,1168.15,28142.36,538365.46,7577018,620.04,2802.99,15603.50,29239.00,90216.58,0,FAIL,PASS,False,1
62,2026-09-24T05:18:12Z,20,8,4,"Intel(R) Core(TM) i7-14650HX",24,2.4192,140038724,yes,21.08,24.39,26.87,29.35,322718.70,30.18,37.62,878.39,27809.61,819794.23,7590298,635.75,2575.65,9348.13,16722.89,81210.33,0,FAIL,PASS,False,1
63,2026-09-24T05:18:36Z,20,8,4,"Intel(R) Core(TM) i7-14650HX",24,2.4192,139229305,yes,21.08,24.39,26.87,29.35,8414.35,30.59,37.62,2057.71,91322.75,682790.59,7486211,669.64,1896.08,3618.14,5572.09,69410.96,0,FAIL,PASS,False,1
64,2026-09-24T05:19:01Z,20,8,4,"Intel(R) Core(TM) i7-14650HX",24,2.4192,139432886,yes,21.08,24.39,27.28,29.35,81118.96,31.00,37.62,46.71,26837.80,521522.38,7378695,691.55,1940.72,3743.80,5799.02,90530.75,0,FAIL,PASS,False,1
65,2026-09-24T05:19:25Z,20,8,4,"Intel(R) Core(TM) i7-14650HX",24,2.4192,139462575,yes,21.08,24.39,26.87,29.35,10066.96,30.59,37.62,52.08,60350.11,659319.11,7250139,698.58,1964.29,3747.52,5736.61,90102.50,0,FAIL,PASS,False,1
66,2026-09-24T05:19:49Z,20,8,4,"Intel(R) Core(TM) i7-14650HX",24,2.4192,140375529,yes,21.08,24.39,26.87,28.52,32328.44,30.18,37.20,573.33,25299.68,441643.78,8459504,467.92,1495.12,2991.07,4790.84,43633.83,0,FAIL,PASS,False,1
67,2026-09-24T05:20:14Z,20,8,4,"Intel(R) Core(TM) i7-14650HX",24,2.4192,139569373,yes,21.08,24.39,27.70,29.35,160154.18,30.18,37.62,960.23,29278.69,572888.54,7643641,612.60,2683.12,15480.32,29210.48,93034.06,0,FAIL,PASS,False,1
68,2026-09-24T05:20:38Z,20,8,4,"Intel(R) Core(TM) i7-14650HX",24,2.4192,139566807,yes,21.08,24.39,27.70,29.35,83904.59,30.18,37.62,1741.07,29564.32,608721.86,7222751,709.74,1984.13,3798.78,5877.98,66450.48,0,FAIL,PASS,False,1
69,2026-09-24T05:21:02Z,20,8,4,"Intel(R) Core(TM) i7-14650HX",24,2.4192,138694782,yes,21.08,25.21,27.70,30.18,29735.45,30.18,37.62,45.06,25465.86,440592.79,7486685,671.30,1895.67,3658.23,5808.12,74504.39,0,FAIL,PASS,False,1
70,2026-09-24T05:21:27Z,20,8,4,"Intel(R) Core(TM) i7-14650HX",24,2.4192,139191325,yes,21.08,25.21,27.70,29.76,33586.30,30.59,37.62,45.06,28281.66,510751.78,8261449,574.57,1642.28,3239.91,5283.56,78562.73,0,FAIL,PASS,False,1
71,2026-09-24T05:21:51Z,20,8,4,"Intel(R) Core(TM) i7-14650HX",24,2.4192,139724500,yes,21.08,24.39,26.87,29.35,97331.33,30.59,37.62,2812.91,34532.89,518358.01,7211333,706.02,1973.79,3792.16,5866.81,82099.43,0,FAIL,PASS,False,1
72,2026-09-24T05:22:15Z,20,8,4,"Intel(R) Core(TM) i7-14650HX",24,2.4192,139712140,yes,21.08,24.39,26.87,29.35,121421.51,30.59,37.62,2678.57,32318.53,624646.83,8321067,510.09,1566.63,3106.81,5000.00,66271.89,0,FAIL,PASS,False,1
73,2026-09-24T05:22:40Z,20,8,4,"Intel(R) Core(TM) i7-14650HX",24,2.4192,138615629,yes,21.08,25.21,27.70,31.00,12736.85,31.00,38.03,1537.70,27361.94,505206.64,7471133,663.44,2714.12,9640.38,17160.63,74330.35,0,FAIL,PASS,False,1
74,2026-09-24T05:23:04Z,20,8,4,"Intel(R) Core(TM) i7-14650HX",24,2.4192,139534551,yes,21.08,24.39,26.87,28.94,81604.25,30.18,37.62,43.40,26024.72,560030.17,7551485,662.62,2975.36,12354.91,22600.86,125011.16,0,FAIL,PASS,False,1
75,2026-09-24T05:23:28Z,20,8,4,"Intel(R) Core(TM) i7-14650HX",24,2.4192,139326285,yes,21.08,24.39,27.70,29.35,16910.14,30.59,37.62,45.88,32135.01,467870.40,8390051,501.41,1539.77,3151.87,5226.93,68224.21,0,FAIL,PASS,False,1
76,2026-09-24T05:23:53Z,20,8,4,"Intel(R) Core(TM) i7-14650HX",24,2.4192,139807024,yes,21.08,24.39,27.70,30.18,85123.18,30.18,37.62,957.34,31916.75,607164.74,7707314,679.15,1885.75,3583.00,5515.05,67789.76,0,FAIL,PASS,False,1
77,2026-09-24T05:24:17Z,20,8,4,"Intel(R) Core(TM) i7-14650HX",24,2.4192,140104103,yes,21.08,24.39,26.87,29.35,13363.51,30.18,37.62,1186.76,27571.92,457179.56,7297408,713.46,1991.57,3807.04,5851.11,71888.63,0,FAIL,PASS,False,1
78,2026-09-24T05:24:41Z,20,8,4,"Intel(R) Core(TM) i7-14650HX",24,2.4192,139737119,yes,21.08,24.39,26.87,29.35,45415.82,30.59,37.62,54.56,25487.34,549805.53,7705747,639.88,1838.21,3541.67,5527.45,69632.09,0,FAIL,PASS,False,1
79,2026-09-24T05:25:06Z,20,8,4,"Intel(R) Core(TM) i7-14650HX",24,2.4192,139411759,yes,21.08,24.39,26.87,29.35,33720.65,30.59,37.62,44.23,27037.45,523177.05,7567417,662.62,2902.20,10487.35,18639.22,106425.26,0,FAIL,PASS,False,1
80,2026-09-24T05:25:30Z,20,8,4,"Intel(R) Core(TM) i7-14650HX",24,2.4192,139730511,yes,21.08,24.39,26.87,29.35,59895.01,30.59,37.62,44.23,26753.06,448959.98,7180626,717.18,2021.74,3938.08,6341.35,67097.39,0,FAIL,PASS,False,1
81,2026-09-24T05:25:55Z,20,8,4,"Intel(R) Core(TM) i7-14650HX",24,2.4192,139740675,yes,21.08,24.39,26.87,29.35,100820.91,30.59,37.62,1918.40,29193.53,602124.96,7579259,659.72,1875.83,3614.83,5585.73,64239.82,0,FAIL,PASS,False,1
82,2026-09-24T05:26:19Z,20,8,4,"Intel(R) Core(TM) i7-14650HX",24,2.4192,139966665,yes,21.08,24.39,26.87,29.35,19804.89,30.59,37.62,2285.47,29568.04,541679.90,7451043,665.51,1892.36,3670.22,5696.51,90840.78,0,FAIL,PASS,False,1
83,2026-09-24T05:26:43Z,20,8,4,"Intel(R) Core(TM) i7-14650HX",24,2.4192,138538926,yes,21.08,25.21,27.70,29.35,26447.99,31.00,37.62,60.76,31028.84,545468.99,8250710,563.41,1625.74,3269.26,5384.01,83377.12,0,FAIL,PASS,False,1
84,2026-09-24T05:27:08Z,20,8,4,"Intel(R) Core(TM) i7-14650HX",24,2.4192,139044412,yes,21.08,24.80,27.70,30.18,67395.01,30.59,37.62,45.88,26699.74,531719.98,8363943,508.85,1562.50,3094.00,4957.01,72800.92,0,FAIL,PASS,False,1
85,2026-09-24T05:27:32Z,20,8,4,"Intel(R) Core(TM) i7-14650HX",24,2.4192,139664166,yes,21.08,24.39,26.87,28.94,62972.47,30.59,37.62,43.40,25422.45,452843.93,7766081,602.27,1772.49,3444.11,5352.60,72551.26,0,FAIL,PASS,False,1
86,2026-09-24T05:27:56Z,20,8,4,"Intel(R) Core(TM) i7-14650HX",24,2.4192,139775377,yes,21.08,24.39,26.87,29.35,76022.24,30.59,37.62,528.27,27317.29,591736.08,7469625,667.99,1882.44,3620.62,5679.56,81986.19,0,FAIL,PASS,False,1
87,2026-09-24T05:28:21Z,20,8,4,"Intel(R) Core(TM) i7-14650HX",24,2.4192,139949456,yes,21.08,24.39,26.87,28.94,31743.96,30.18,37.62,1564.57,26797.70,469838.32,8268603,579.94,1657.16,3215.94,5120.29,75687.41,0,FAIL,PASS,False,1
88,2026-09-24T05:28:45Z,20,8,4,"Intel(R) Core(TM) i7-14650HX",24,2.4192,138984606,yes,21.08,25.21,27.70,29.76,22269.35,30.59,37.62,45.06,26336.39,486004.51,7563327,616.32,2695.11,15407.57,29134.01,114899.98,0,FAIL,PASS,False,1
89,2026-09-24T05:29:09Z,20,8,4,"Intel(R) Core(TM) i7-14650HX",24,2.4192,139276671,yes,21.08,24.39,27.28,29.35,46988.25,31.00,37.62,43.40,25811.42,560535.64,7587939,648.15,1846.48,3567.71,5553.90,87202.78,0,FAIL,PASS,False,1
90,2026-09-24T05:29:34Z,20,8,4,"Intel(R) Core(TM) i7-14650HX",24,2.4192,138673195,yes,21.08,24.39,26.87,29.35,63194.45,30.59,37.62,45.06,36336.40,513437.13,7718180,620.87,1801.01,3488.76,5479.91,77160.64,0,FAIL,PASS,False,1
91,2026-09-24T05:29:58Z,20,8,4,"Intel(R) Core(TM) i7-14650HX",24,2.4192,139378726,yes,21.08,24.39,26.87,29.35,285540.16,30.59,37.62,2134.18,27902.19,793783.19,7574617,636.57,1848.13,3604.91,5656.00,69618.44,0,FAIL,PASS,False,1
92,2026-09-24T05:30:22Z,20,8,4,"Intel(R) Core(TM) i7-14650HX",24,2.4192,139675689,yes,21.08,24.39,26.87,29.35,44063.32,30.59,37.62,2548.78,43210.98,527132.07,8342626,467.51,1514.55,3077.05,5029.35,7329646.87,0,FAIL,PASS,False,1
93,2026-09-24T05:30:47Z,20,8,4,"Intel(R) Core(TM) i7-14650HX",24,2.4192,139113397,yes,21.08,24.39,27.28,29.35,55272.40,31.00,37.62,226.52,73635.49,573721.83,7690161,632.85,1833.66,3535.88,5480.74,84093.49,0,FAIL,PASS,False,1
94,2026-09-24T05:31:11Z,20,8,4,"Intel(R) Core(TM) i7-14650HX",24,2.4192,137652081,yes,21.08,25.21,27.70,30.18,61551.74,31.00,38.44,45.88,26455.02,578786.71,7474336,648.56,2859.62,12121.36,22222.63,195639.85,0,FAIL,PASS,False,1
95,2026-09-24T05:31:35Z,20,8,4,"Intel(R) Core(TM) i7-14650HX",24,2.4192,138998328,yes,21.08,24.39,26.87,29.35,101543.05,31.00,37.62,45.06,26390.54,498455.59,7292394,707.67,1975.86,3803.74,5855.24,68062.98,0,FAIL,PASS,False,1
96,2026-09-24T05:32:00Z,20,8,4,"Intel(R) Core(TM) i7-14650HX",24,2.4192,139553235,yes,21.08,24.39,26.87,29.35,91793.54,30.59,37.62,2094.49,30172.77,593802.31,8410646,480.32,1509.59,3213.46,5551.42,76237.16,0,FAIL,PASS,False,1
97,2026-09-24T05:32:24Z,20,8,4,"Intel(R) Core(TM) i7-14650HX",24,2.4192,139521749,yes,21.08,24.39,27.70,29.35,295376.53,30.18,37.62,2199.90,29294.39,830986.17,7537899,668.82,1888.64,3615.66,5609.29,55140.95,0,FAIL,PASS,False,1
98,2026-09-24T05:32:48Z,20,8,4,"Intel(R) Core(TM) i7-14650HX",24,2.4192,138807347,yes,21.08,24.39,26.87,29.35,226332.29,30.59,37.62,49.60,30412.12,729569.37,7680035,596.48,1779.51,3515.63,5570.44,65595.66,0,FAIL,PASS,False,1
99,2026-09-24T05:33:13Z,20,8,4,"Intel(R) Core(TM) i7-14650HX",24,2.4192,139568247,yes,21.08,24.39,26.87,29.35,124321.25,30.59,37.62,45.88,27227.59,479132.71,7550396,650.21,2517.77,8489.58,15046.71,77850.52,0,FAIL,PASS,False,1
100,2026-09-24T05:33:37Z,20,8,4,"Intel(R) Core(TM) i7-14650HX",24,2.4192,138437118,yes,21.08,25.21,27.70,29.76,121620.77,30.59,38.03,45.88,28213.46,614246.80,7499878,706.02,1956.43,3779.35,5869.30,76475.27,0,FAIL,PASS,False,1
101,2026-09-24T05:34:01Z,20,8,4,"Intel(R) Core(TM) i7-14650HX",24,2.4192,138833718,yes,21.08,24.39,27.70,29.76,120943.26,30.18,37.62,44.23,25417.90,538763.92,7463259,663.86,2714.53,9606.07,17144.51,113108.85,0,FAIL,PASS,False,1
102,2026-09-24T05:34:26Z,20,8,4,"Intel(R) Core(TM) i7-14650HX",24,2.4192,139640469,yes,21.08,24.39,26.87,29.35,51747.28,30.59,37.62,1151.62,26824.99,573624.41,7494863,664.27,2980.32,12345.40,22457.01,225521.69,0,FAIL,PASS,False,1
103,2026-09-24T05:34:50Z,20,8,4,"Intel(R) Core(TM) i7-14650HX",24,2.4192,138540014,yes,21.08,24.80,27.70,29.35,74646.12,30.59,37.62,45.88,28063.39,594265.94,8309040,537.78,1608.38,3321.34,5668.40,99172.40,0,FAIL,PASS,False,1
104,2026-09-24T05:35:14Z,20,8,4,"Intel(R) Core(TM) i7-14650HX",24,2.4192,138628506,yes,21.08,24.39,26.87,29.35,26022.23,30.59,37.62,44.23,25986.68,501407.30,8500397,440.23,1460.81,2998.92,4943.78,60380.27,0,FAIL,PASS,False,1
105,2026-09-24T05:35:39Z,20,8,4,"Intel(R) Core(TM) i7-14650HX",24,2.4192,138048687,yes,21.08,25.21,27.70,30.18,58784.31,30.59,38.44,45.06,26772.07,420147.55,8347054,506.37,1556.71,3063.41,4901.62,79545.71,0,FAIL,PASS,False,1
106,2026-09-24T05:36:03Z,20,8,4,"Intel(R) Core(TM) i7-14650HX",24,2.4192,140006854,yes,21.08,24.39,26.87,28.52,39632.52,30.18,37.62,1039.60,27998.09,559022.74,7599394,628.31,2810.85,13591.27,25304.23,78830.59,0,FAIL,PASS,False,1
107,2026-09-24T05:36:27Z,20,8,4,"Intel(R) Core(TM) i7-14650HX",24,2.4192,140361574,yes,21.08,24.39,26.87,29.35,41729.90,30.18,37.62,2282.99,30350.94,463887.57,7316474,678.74,1929.56,3725.61,5830.03,79269.99,0,FAIL,PASS,False,1
108,2026-09-24T05:36:52Z,20,8,4,"Intel(R) Core(TM) i7-14650HX",24,2.4192,138856291,yes,21.08,24.39,26.87,29.35,65493.97,30.59,37.62,45.06,30046.30,517434.32,8264119,510.91,1573.66,3142.77,5124.01,74445.69,0,FAIL,PASS,False,1
109,2026-09-24T05:37:16Z,20,8,4,"Intel(R) Core(TM) i7-14650HX",24,2.4192,138603881,yes,21.08,24.39,26.87,29.35,171682.81,30.59,37.62,50.43,38750.83,663597.14,7441023,672.95,1901.87,3680.56,5789.52,91725.38,0,FAIL,PASS,False,1
110,2026-09-24T05:37:40Z,20,8,4,"Intel(R) Core(TM) i7-14650HX",24,2.4192,138976053,yes,21.08,24.39,27.70,29.76,76690.21,31.00,37.62,52.50,28292.40,464587.36,7530992,660.96,1879.13,3602.84,5504.30,78509.82,0,FAIL,PASS,False,1
111,2026-09-24T05:38:05Z,20,8,4,"Intel(R) Core(TM) i7-14650HX",24,2.4192,139790475,yes,21.08,24.39,27.70,29.35,20594.83,30.18,37.62,1341.35,28430.47,539840.89,7528831,648.15,2505.79,8412.29,14985.95,108064.66,0,FAIL,PASS,False,1
112,2026-09-24T05:38:29Z,20,8,4,"Intel(R) Core(TM) i7-14650HX",24,2.4192,135872777,yes,21.49,26.04,32.24,38.03,157194.92,32.24,40.92,24146.41,185740.71,666962.12,7438226,590.28,2170.97,7184.19,13454.03,80237.67,0,FAIL,PASS,False,1
113,2026-09-24T05:38:53Z,20,8,4,"Intel(R) Core(TM) i7-14650HX",24,2.4192,137467987,yes,21.08,25.21,27.70,29.35,148766.95,31.00,38.03,327.38,91940.31,646611.68,7476451,669.23,1906.83,3727.27,5878.80,79723.46,0,FAIL,PASS,False,1
114,2026-09-24T05:39:18Z,20,8,4,"Intel(R) Core(TM) i7-14650HX",24,2.4192,138628829,yes,21.08,24.39,26.87,29.35,155869.70,31.00,37.62,45.06,28488.76,680967.23,7534823,639.47,2447.92,8191.55,14626.32,73831.43,0,FAIL,PASS,False,1
115,2026-09-24T05:39:42Z,20,8,4,"Intel(R) Core(TM) i7-14650HX",24,2.4192,138847218,yes,21.08,24.39,27.70,30.18,67389.24,30.59,37.62,44.23,33960.00,567552.64,7542452,630.79,2942.71,13688.83,24973.96,74366.34,0,FAIL,PASS,False,1
116,2026-09-24T05:40:06Z,20,8,4,"Intel(R) Core(TM) i7-14650HX",24,2.4192,139928717,yes,21.08,24.39,26.87,31.00,27447.09,30.18,37.62,50.84,25902.78,486571.57,7557854,632.85,1831.60,3552.00,5546.87,75832.50,0,FAIL,PASS,False,1
117,2026-09-24T05:40:31Z,20,8,4,"Intel(R) Core(TM) i7-14650HX",24,2.4192,139160618,yes,21.08,25.21,27.70,30.18,72989.83,30.18,37.62,2274.72,29289.02,599387.39,7148841,739.09,2052.74,4001.74,6332.26,101025.96,0,FAIL,PASS,False,1
118,2026-09-24T05:40:55Z,20,8,4,"Intel(R) Core(TM) i7-14650HX",24,2.4192,138642305,yes,21.08,25.21,27.70,29.76,78309.77,30.59,37.62,254.22,67359.46,576333.50,8214921,514.22,1577.79,3154.76,5091.77,71989.91,0,FAIL,PASS,False,1
119,2026-09-24T05:41:19Z,20,8,4,"Intel(R) Core(TM) i7-14650HX",24,2.4192,137940579,yes,21.08,24.39,26.87,29.35,73192.36,30.59,37.62,158.73,33922.78,568475.01,7329759,678.74,2741.81,9532.07,17155.67,71739.82,0,FAIL,PASS,False,1
120,2026-09-24T05:41:44Z,20,8,4,"Intel(R) Core(TM) i7-14650HX",24,2.4192,135784342,yes,21.08,24.39,27.70,30.18,19760.24,30.18,37.62,50.02,27572.74,509734.05,6882774,779.60,2167.24,4319.20,7075.89,99136.87,0,FAIL,PASS,False,1
121,2026-09-24T05:42:08Z,20,8,4,"Intel(R) Core(TM) i7-14650HX",24,2.4192,135625327,yes,21.08,24.39,27.70,30.18,96706.32,31.00,37.62,1999.01,52307.36,607708.58,7915700,584.49,1681.96,3398.23,5608.46,80482.78,0,FAIL,PASS,False,1
122,2026-09-24T05:42:32Z,20,8,4,"Intel(R) Core(TM) i7-14650HX",24,2.4192,133552949,yes,21.91,26.04,31.83,38.86,127521.88,32.24,40.92,20593.58,175577.43,698402.64,6902119,678.74,2941.88,13172.95,24314.23,139681.27,0,FAIL,PASS,False,1
123,2026-09-24T05:42:57Z,20,8,4,"Intel(R) Core(TM) i7-14650HX",24,2.4192,136965068,yes,21.08,25.21,27.70,29.35,30030989.93,31.00,38.44,260.83,34558.12,30500541.90,7292030,656.00,1909.31,3763.23,6050.76,83467.69,0,FAIL,PASS,False,1
124,2026-09-24T05:43:21Z,20,8,4,"Intel(R) Core(TM) i7-14650HX",24,2.4192,136161520,yes,21.08,24.80,27.70,29.35,35961.06,31.00,38.03,296.79,29681.30,510663.46,7122089,726.27,2059.77,4107.97,6922.95,958998.04,0,FAIL,PASS,False,1
125,2026-09-24T05:43:46Z,20,8,4,"Intel(R) Core(TM) i7-14650HX",24,2.4192,138266531,yes,21.08,24.39,26.87,29.35,53702.87,30.59,37.62,44.64,27033.31,617551.53,8180988,582.42,1676.59,3373.02,5617.97,112435.49,0,FAIL,PASS,False,1
126,2026-09-24T05:44:10Z,20,8,4,"Intel(R) Core(TM) i7-14650HX",24,2.4192,137555249,yes,21.08,24.39,27.28,29.35,363859.91,31.00,38.44,4795.39,28020.42,875615.39,6386647,762.65,2256.53,4558.94,7999.34,420347.59,0,FAIL,PASS,False,1
127,2026-09-24T05:44:34Z,20,8,4,"Intel(R) Core(TM) i7-14650HX",24,2.4192,136645910,yes,21.49,25.21,28.52,32.66,165151.29,31.42,38.86,2790.18,65668.40,715024.80,6515569,714.70,2013.06,3891.78,6095.40,65551.01,0,FAIL,PASS,False,1
128,2026-09-24T05:44:59Z,20,8,4,"Intel(R) Core(TM) i7-14650HX",24,2.4192,137118853,yes,21.08,25.21,27.70,32.66,13511.49,31.00,38.03,54.56,27432.62,457972.02,7978552,516.29,1564.15,3148.56,5302.17,67457.42,0,FAIL,PASS,False,1
129,2026-09-24T05:45:23Z,20,8,4,"Intel(R) Core(TM) i7-14650HX",24,2.4192,136602547,yes,21.49,25.21,29.35,33.90,224877.21,31.83,39.27,675.84,128814.47,716856.34,6787267,767.20,2141.62,4322.92,8295.30,119821.83,0,FAIL,PASS,False,1
130,2026-09-24T05:45:47Z,20,8,4,"Intel(R) Core(TM) i7-14650HX",24,2.4192,135727010,yes,21.91,25.21,28.52,31.83,211169.38,31.83,39.27,5420.80,375787.84,846122.21,6233884,691.55,2873.68,10248.84,18461.06,75777.94,0,FAIL,PASS,False,1
131,2026-09-24T05:46:12Z,20,8,4,"Intel(R) Core(TM) i7-14650HX",24,2.4192,134494964,yes,21.49,25.21,29.35,33.07,319044.67,31.83,40.10,21260.74,89042.64,613143.09,6576029,619.21,1968.01,4100.94,7161.46,148968.23,0,FAIL,PASS,False,1
132,2026-09-24T05:46:36Z,20,8,4,"Intel(R) Core(TM) i7-14650HX",24,2.4192,136492151,yes,21.08,25.21,28.52,31.83,126128.04,31.83,39.27,17593.83,68203.12,617873.60,6377802,771.74,2172.62,4349.78,7606.65,82064.31,0,FAIL,PASS,False,1
133,2026-09-24T05:47:01Z,20,8,4,"Intel(R) Core(TM) i7-14650HX",24,2.4192,130471388,yes,21.91,26.87,31.83,38.03,54102.19,32.66,41.75,9293.57,243375.92,772614.95,6346080,794.06,2290.01,4421.71,7189.98,96977.93,0,FAIL,PASS,False,1
134,2026-09-24T05:47:25Z,20,8,4,"Intel(R) Core(TM) i7-14650HX",24,2.4192,135916033,yes,21.49,25.21,29.35,33.90,166806.00,31.42,39.27,1684.85,77204.05,587403.78,6734209,743.22,2120.12,4325.40,8049.36,111816.32,0,FAIL,PASS,False,1
135,2026-09-24T05:47:49Z,20,8,4,"Intel(R) Core(TM) i7-14650HX",24,2.4192,134024219,yes,21.91,26.04,30.18,35.14,152689.76,32.24,40.10,1727.02,73675.61,733136.72,6668064,718.42,2010.17,3995.95,6826.22,109707.78,0,FAIL,PASS,False,1
136,2026-09-24T05:48:14Z,20,8,4,"Intel(R) Core(TM) i7-14650HX",24,2.4192,134473111,yes,21.91,26.04,30.18,35.96,138492.89,32.24,40.92,22410.71,187132.52,515505.12,6765558,597.30,1774.97,3714.04,6468.67,109670.14,0,FAIL,PASS,False,1
137,2026-09-24T05:48:38Z,20,8,4,"Intel(R) Core(TM) i7-14650HX",24,2.4192,131877787,yes,21.91,26.87,31.83,37.20,32397.90,32.24,40.92,19653.19,213415.19,1005842.49,6022588,834.16,2353.67,4546.13,7283.40,132450.41,0,FAIL,PASS,False,1
138,2026-09-24T05:49:03Z,20,8,4,"Intel(R) Core(TM) i7-14650HX",24,2.4192,132143466,yes,21.91,26.04,30.18,34.31,111355.87,36.79,50.02,1016.04,44682.15,669182.67,6462961,663.44,2119.30,4224.54,7018.03,126147.54,0,FAIL,PASS,False,1
139,2026-09-24T05:49:27Z,20,8,4,"Intel(R) Core(TM) i7-14650HX",24,2.4192,135572206,yes,21.91,25.21,28.52,31.83,75329.46,31.83,39.27,62.83,42776.96,460005.02,7883162,496.45,1607.97,3392.44,5986.28,534900.87,0,FAIL,PASS,False,1
140,2026-09-24T05:49:51Z,20,8,4,"Intel(R) Core(TM) i7-14650HX",24,2.4192,127805968,yes,21.91,25.21,28.52,31.00,13326.72,31.42,38.86,2954.70,50660.55,385532.38,5580063,859.37,3156.00,16264.47,31754.71,106759.25,0,FAIL,PASS,False,1
141,2026-09-24T05:50:16Z,20,8,4,"Intel(R) Core(TM) i7-14650HX",24,2.4192,135921472,yes,21.49,25.21,28.52,32.66,157216.02,31.83,39.27,10691.96,138301.09,658183.70,6225078,761.00,2135.42,4256.37,7252.40,93998.43,0,FAIL,PASS,False,1
142,2026-09-24T05:50:40Z,20,8,4,"Intel(R) Core(TM) i7-14650HX",24,2.4192,136664682,yes,21.08,25.21,27.70,31.00,186198.71,31.42,38.86,20460.07,204050.48,1495513.55,6424562,715.53,2058.12,4239.00,8326.72,113327.53,0,FAIL,PASS,False,1
143,2026-09-24T05:51:05Z,20,8,4,"Intel(R) Core(TM) i7-14650HX",24,2.4192,134825907,yes,21.91,26.04,29.35,33.48,460777.88,31.83,39.68,6646.41,226512.45,948137.27,6904796,598.13,2210.23,7187.50,13347.39,83830.59,0,FAIL,PASS,False,1
144,2026-09-24T05:51:29Z,20,8,4,"Intel(R) Core(TM) i7-14650HX",24,2.4192,135890646,yes,21.08,25.21,27.70,30.18,87823.25,31.42,38.44,1722.88,111250.41,464014.56,7022293,675.43,2976.60,12508.68,22950.15,76479.42,0,FAIL,PASS,False,1
145,2026-09-24T05:51:53Z,20,8,4,"Intel(R) Core(TM) i7-14650HX",24,2.4192,129689297,yes,22.73,27.70,33.48,39.27,170623.34,33.48,44.23,10254.63,163483.37,537735.58,6173652,833.33,2332.18,4487.02,7275.96,131125.57,0,FAIL,PASS,False,1
146,2026-09-24T05:52:18Z,20,8,4,"Intel(R) Core(TM) i7-14650HX",24,2.4192,136786297,yes,21.08,25.21,27.70,29.35,224776.37,31.42,38.44,11022.65,146918.40,548469.32,7307971,641.95,1889.88,3799.60,6347.14,74181.55,0,FAIL,PASS,False,1
147,2026-09-24T05:52:42Z,20,8,4,"Intel(R) Core(TM) i7-14650HX",24,2.4192,135535536,yes,21.49,25.21,27.70,31.00,226357.46,31.42,38.44,17884.42,193805.79,649186.46,6600191,720.90,2666.58,8384.59,15088.04,357251.96,0,FAIL,PASS,False,1
148,2026-09-24T05:53:06Z,20,8,4,"Intel(R) Core(TM) i7-14650HX",24,2.4192,126310969,yes,21.91,26.04,31.00,35.96,250686.73,32.66,40.10,1904.35,140477.10,635846.93,6421758,694.86,2018.02,4086.89,7417.75,141195.10,0,FAIL,PASS,False,1
149,2026-09-24T05:53:31Z,20,8,4,"Intel(R) Core(TM) i7-14650HX",24,2.4192,127108353,yes,22.32,26.87,32.66,40.51,78377.15,33.07,42.58,1560.43,71300.85,592799.31,6414732,759.34,2187.50,4181.96,6594.33,174746.21,0,FAIL,PASS,False,1
150,2026-09-24T05:53:55Z,20,8,4,"Intel(R) Core(TM) i7-14650HX",24,2.4192,136586561,yes,21.08,25.21,27.70,30.59,34751.98,31.42,38.44,8265.13,191687.29,535887.77,7320712,653.52,1934.52,3981.07,6938.24,76212.37,0,FAIL,PASS,False,1
151,2026-09-24T05:54:20Z,20,8,4,"Intel(R) Core(TM) i7-14650HX",24,2.4192,136637895,yes,21.08,25.21,27.70,30.18,15109.13,31.42,38.44,3461.06,41361.20,400993.73,7039914,620.04,2951.39,12805.06,23384.59,124298.53,0,FAIL,PASS,False,1
152,2026-09-24T05:54:44Z,20,8,4,"Intel(R) Core(TM) i7-14650HX",24,2.4192,136782516,yes,21.08,25.21,27.70,31.00,47995.63,31.00,38.44,1063.99,114410.98,1867279.18,7036103,636.16,2594.25,16698.08,32224.71,85234.39,0,FAIL,PASS,False,1
153,2026-09-24T05:55:08Z,20,8,4,"Intel(R) Core(TM) i7-14650HX",24,2.4192,136591841,yes,21.49,25.21,28.52,31.00,34942.54,31.00,38.44,460.07,35724.62,466941.11,8017065,482.39,1554.23,3207.67,5321.59,63244.04,0,FAIL,PASS,False,1
